Precision,Recall
0.08080808080808081,0.0013076955991115633
0.045454545454545456,0.0013768805998034133
0.04713804713804713,0.0017477875848961673
0.045454545454545456,0.002056342655785155
0.044444444444444446,0.002580214216901799
0.04208754208754208,0.0029542617992337843
0.03896103896103896,0.003421338582100041
0.039141414141414144,0.0044988528504449525
0.03928170594837262,0.0057316159883991505
0.04141414141414141,0.006520297541920887
0.046831955922865015,0.009822154840910053
